jasm@jasm-laptop:~/Downloads$ ssh -i "NorthVirginia.pem" ec2-user@ec2-35-172-250-202.compute-1.amazonaws.com
Last login: Mon Jul 27 19:04:23 2020 from natpool-186-1-141-164.hnremote.net

       __|  __|_  )
       _|  (     /   Amazon Linux AMI
      ___|\___|___|

https://aws.amazon.com/amazon-linux-ami/2018.03-release-notes/
[ec2-user@ip-24-6-4-20 ~]$ mysql -u admin -D udacity -h rr-udacity-project.c6enw2kum1pc.us-east-1.rds.amazonaws.com -p
Enter password: 
Reading table information for completion of table and column names
You can turn off this feature to get a quicker startup with -A

Welcome to the MySQL monitor.  Commands end with ; or \g.
Your MySQL connection id is 19
Server version: 8.0.17 Source distribution

Copyright (c) 2000, 2019, Oracle and/or its affiliates. All rights reserved.

Oracle is a registered trademark of Oracle Corporation and/or its
affiliates. Other names may be trademarks of their respective
owners.

Type 'help;' or '\h' for help. Type '\c' to clear the current input statement.

mysql> select * from customer;
+----+-----------------+-----------------------------+-------------+
| ID | FullName        | Address                     | PhoneNumber |
+----+-----------------+-----------------------------+-------------+
|  1 | Gabriel Trompiz | 305 - 14th Ave. S. Suite 3B | 1737987654  |
+----+-----------------+-----------------------------+-------------+
1 row in set (0,00 sec)

mysql> insert into customer (ID, Fullname, Address, PhoneNumber) values (2,'Ramdall Lamus', '305 - 14th Ave. S. Suite 3B', '17378785241');
ERROR 1290 (HY000): The MySQL server is running with the --read-only option so it cannot execute this statement
mysql> select * from customer;                                                  +----+-----------------+-----------------------------+-------------+
| ID | FullName        | Address                     | PhoneNumber |
+----+-----------------+-----------------------------+-------------+
|  1 | Gabriel Trompiz | 305 - 14th Ave. S. Suite 3B | 1737987654  |
+----+-----------------+-----------------------------+-------------+
1 row in set (0,00 sec)

mysql> exit
Bye
[ec2-user@ip-24-6-4-20 ~]$ 
